<?xml version="1.0" encoding="UTF-8"?>
<con:soapui-project id="7fcb83c3-0a39-4d19-b7db-284d3b0aba5c" activeEnvironment="Default" name="Fuel_project" resourceRoot="" soapui-version="5.2.1" abortOnError="false" runType="SEQUENTIAL" xmlns:con="http://eviware.com/soapui/config"><con:settings/><con:interface xsi:type="con:RestService" id="27f60a91-786f-4438-96de-bb2be8bc1fab" wadlVersion="http://wadl.dev.java.net/2009/02" name="https://api.data.gov" type="rest" xmlns:xsi="http://www.w3.org/2001/XMLSchema-instance"><con:settings/><con:definitionCache type="TEXT" rootPart=""/><con:endpoints><con:endpoint>https://api.data.gov</con:endpoint></con:endpoints><con:resource name="Nearest.json" path="/nrel/alt-fuel-stations/v1/nearest.json" id="99b045b9-19b7-4476-9556-8ad84c5f3b6a"><con:settings/><con:parameters><con:parameter><con:name>api_key</con:name><con:value>PEJyWVljmx630URaaURNJIHzr9BuFgLLTAPksYQ6</con:value><con:style>QUERY</con:style><con:default>PEJyWVljmx630URaaURNJIHzr9BuFgLLTAPksYQ6</con:default><con:path xsi:nil="true"/><con:description xsi:nil="true"/></con:parameter><con:parameter><con:name>location</con:name><con:value>Denver CO</con:value><con:style>QUERY</con:style><con:default>Denver CO</con:default><con:path xsi:nil="true"/><con:description xsi:nil="true"/></con:parameter><con:parameter><con:name>ev_network</con:name><con:value/><con:style>QUERY</con:style><con:default/><con:description xsi:nil="true"/></con:parameter></con:parameters><con:method name="Nearest.json" id="a70374c5-e192-4b93-8c4d-dae5be8b67e2" method="GET"><con:settings/><con:parameters/><con:representation type="RESPONSE"><con:mediaType>application/json; charset=utf-8</con:mediaType><con:status>200</con:status><con:params/><con:element xmlns:near="https://api.data.gov/nrel/alt-fuel-stations/v1/nearest.json">near:Response</con:element></con:representation><con:representation type="FAULT"><con:mediaType>text/html; charset=utf-8</con:mediaType><con:status>406</con:status><con:params/></con:representation><con:request name="Request 1" id="5b164849-bd9c-4244-b4b1-4ece525abd3d" mediaType="application/json"><con:settings><con:setting id="com.eviware.soapui.impl.wsdl.WsdlRequest@request-headers">&lt;xml-fragment/></con:setting></con:settings><con:endpoint>https://api.data.gov</con:endpoint><con:request/><con:originalUri>https://api.data.gov/nrel/alt-fuel-stations/v1/nearest.json</con:originalUri><con:credentials><con:authType>No Authorization</con:authType></con:credentials><con:jmsConfig JMSDeliveryMode="PERSISTENT"/><con:jmsPropertyConfig/><con:parameters>
  <con:entry key="location" value="Austin TX"/>
  <con:entry key="ev_network" value="ChargePoint Network"/>
</con:parameters><con:parameterOrder><con:entry>api_key</con:entry><con:entry>location</con:entry><con:entry>ev_network</con:entry></con:parameterOrder></con:request></con:method><con:method name="ID_add" id="e2c359d1-9403-4382-a3c3-c0b56a688722" method="GET"><con:settings/><con:parameters><con:parameter><con:name>api_key</con:name><con:value/><con:style>QUERY</con:style><con:default/><con:path xsi:nil="true"/><con:description xsi:nil="true"/></con:parameter></con:parameters><con:request name="Request 1" id="e7a78d78-d1ed-4e9f-be80-47d2974047f0" mediaType="application/json"><con:settings/><con:endpoint>https://api.data.gov</con:endpoint><con:request/><con:credentials><con:authType>No Authorization</con:authType></con:credentials><con:jmsConfig JMSDeliveryMode="PERSISTENT"/><con:jmsPropertyConfig/><con:parameters/></con:request></con:method></con:resource><con:resource name="62029.json" path="/nrel/alt-fuel-stations/v1/62029.json" id="bf127e16-791b-4122-87b4-7e795a56ac17"><con:settings/><con:parameters><con:parameter><con:name>api_key</con:name><con:value/><con:style>QUERY</con:style><con:default/><con:description xsi:nil="true"/></con:parameter><con:parameter><con:name>id</con:name><con:value/><con:style>QUERY</con:style><con:default/><con:description xsi:nil="true"/></con:parameter></con:parameters><con:method name="Method 1" id="79160723-2b31-4964-b05b-01ef7093372a" method="GET"><con:settings/><con:parameters/><con:representation type="RESPONSE"><con:mediaType>application/json; charset=utf-8</con:mediaType><con:status>200</con:status><con:params/><con:element xmlns:json="https://api.data.gov/nrel/alt-fuel-stations/v1/62029.json">json:Response</con:element></con:representation><con:representation type="FAULT"><con:mediaType>text/html; charset=utf-8</con:mediaType><con:status>406 404</con:status><con:params/></con:representation><con:request name="Request 1" id="f0ba1d1c-313d-45de-9d7c-d07b4cd886ab" mediaType="application/json"><con:settings><con:setting id="com.eviware.soapui.impl.wsdl.WsdlRequest@request-headers">&lt;xml-fragment/></con:setting></con:settings><con:endpoint>https://api.data.gov</con:endpoint><con:request/><con:originalUri>https://api.data.gov/nrel/alt-fuel-stations/v1/62029.json</con:originalUri><con:credentials><con:authType>No Authorization</con:authType></con:credentials><con:jmsConfig JMSDeliveryMode="PERSISTENT"/><con:jmsPropertyConfig/><con:parameters>
  <con:entry key="id" value="62029"/>
  <con:entry key="api_key" value="PEJyWVljmx630URaaURNJIHzr9BuFgLLTAPksYQ6"/>
</con:parameters><con:parameterOrder><con:entry>api_key</con:entry><con:entry>id</con:entry></con:parameterOrder></con:request></con:method></con:resource></con:interface><con:testSuite id="86626774-b84e-44b1-a9a0-b854826e9903" name="fuel1"><con:description>TestSuite generated for REST Service [https://api.data.gov]</con:description><con:settings/><con:runType>SEQUENTIAL</con:runType><con:testCase id="fdd1b23c-b7c3-4d61-829d-53cb8b166ee3" failOnError="true" failTestCaseOnErrors="true" keepSession="false" maxResults="0" name="Nearest.json TestCase" searchProperties="true"><con:description>TestCase generated for REST Resource [Nearest.json] located at [/nrel/alt-fuel-stations/v1/nearest.json]</con:description><con:settings/><con:testStep type="properties" name="TestData" id="ec22ca4f-2745-456c-87f9-fe5b60e372b1"><con:settings/><con:config xsi:type="con:PropertiesStep" saveFirst="true" xmlns:xsi="http://www.w3.org/2001/XMLSchema-instance"><con:properties><con:property><con:name>location</con:name><con:value>Austin TX</con:value></con:property><con:property><con:name>api_key</con:name><con:value>PEJyWVljmx630URaaURNJIHzr9BuFgLLTAPksYQ6</con:value></con:property><con:property><con:name>network</con:name><con:value>ChargePoint Network</con:value></con:property><con:property><con:name>id</con:name><con:value/></con:property></con:properties></con:config></con:testStep><con:testStep type="transfer" name="Input" id="9dc0adb6-a85f-453c-b6b2-074228952b88"><con:settings/><con:config xsi:type="con:PropertyTransfersStep" xmlns:xsi="http://www.w3.org/2001/XMLSchema-instance"><con:transfers setNullOnMissingSource="true" transferTextContent="true" failOnError="true" ignoreEmpty="false" transferToAll="false" entitize="false" transferChildNodes="false"><con:name>loc</con:name><con:sourceType>location</con:sourceType><con:sourceStep>TestData</con:sourceStep><con:targetType>location</con:targetType><con:targetStep>Nearest_Station</con:targetStep><con:upgraded>true</con:upgraded></con:transfers><con:transfers setNullOnMissingSource="true" transferTextContent="true" failOnError="true" ignoreEmpty="false" transferToAll="false" entitize="false" transferChildNodes="false"><con:name>key</con:name><con:sourceType>api_key</con:sourceType><con:sourceStep>TestData</con:sourceStep><con:targetType>api_key</con:targetType><con:targetStep>Nearest_Station</con:targetStep><con:upgraded>true</con:upgraded></con:transfers><con:transfers setNullOnMissingSource="true" transferTextContent="true" failOnError="true" ignoreEmpty="false" transferToAll="false" entitize="false" transferChildNodes="false"><con:name>network</con:name><con:sourceType>network</con:sourceType><con:sourceStep>TestData</con:sourceStep><con:targetType>ev_network</con:targetType><con:targetStep>Nearest_Station</con:targetStep><con:upgraded>true</con:upgraded></con:transfers></con:config></con:testStep><con:testStep type="restrequest" name="Nearest_Station" id="f8f9414e-0e62-4d67-9688-3a90c0edd7d8"><con:settings/><con:config service="https://api.data.gov" resourcePath="/nrel/alt-fuel-stations/v1/nearest.json" methodName="Nearest.json" xsi:type="con:RestRequestStep" xmlns:xsi="http://www.w3.org/2001/XMLSchema-instance"><con:restRequest name="Nearest_Station" id="5b164849-bd9c-4244-b4b1-4ece525abd3d" mediaType="application/json"><con:settings><con:setting id="com.eviware.soapui.impl.wsdl.WsdlRequest@request-headers">&lt;xml-fragment/></con:setting></con:settings><con:endpoint>https://api.data.gov</con:endpoint><con:request/><con:originalUri>https://api.data.gov/nrel/alt-fuel-stations/v1/nearest.json</con:originalUri><con:assertion type="JsonPath Existence Match" id="be8b14a1-379b-431e-94a2-3b07e1a75791" name="JsonPath Existence Match"><con:configuration><path>$.fuel_stations.[11].id</path><content>true</content><allowWildcards>false</allowWildcards><ignoreNamspaceDifferences>false</ignoreNamspaceDifferences><ignoreComments>false</ignoreComments></con:configuration></con:assertion><con:assertion type="JsonPath Match" id="9d535d84-1fe9-447a-9f7d-102398a924d4" name="JsonPath Match"><con:configuration><path>$.fuel_stations.[7].id</path><content>62029</content><allowWildcards>false</allowWildcards><ignoreNamspaceDifferences>false</ignoreNamspaceDifferences><ignoreComments>false</ignoreComments></con:configuration></con:assertion><con:credentials><con:authType>No Authorization</con:authType></con:credentials><con:jmsConfig JMSDeliveryMode="PERSISTENT"/><con:jmsPropertyConfig/><con:parameters>
  <con:entry key="location" value="Austin TX"/>
  <con:entry key="ev_network" value="ChargePoint Network"/>
</con:parameters><con:parameterOrder><con:entry>api_key</con:entry><con:entry>location</con:entry><con:entry>ev_network</con:entry></con:parameterOrder></con:restRequest></con:config></con:testStep><con:testStep type="transfer" name="ID" id="c62c2982-36c8-4621-a2f7-dd196581cf18"><con:settings/><con:config xsi:type="con:PropertyTransfersStep" xmlns:xsi="http://www.w3.org/2001/XMLSchema-instance"><con:transfers setNullOnMissingSource="true" transferTextContent="true" failOnError="true" ignoreEmpty="false" transferToAll="false" entitize="false" transferChildNodes="false" disabled="true"><con:name>ID1</con:name><con:sourceType>Response</con:sourceType><con:sourceStep>Nearest_Station</con:sourceStep><con:sourcePath>$.fuel_stations.[7].id</con:sourcePath><con:targetType>id</con:targetType><con:targetStep>st_add</con:targetStep><con:targetTransferType>JSONPATH</con:targetTransferType><con:upgraded>true</con:upgraded></con:transfers></con:config></con:testStep><con:testStep type="restrequest" name="st_add" id="9e2bcaa5-9b68-4865-91a3-e6f726fee63d"><con:settings/><con:config service="https://api.data.gov" resourcePath="/nrel/alt-fuel-stations/v1/62029.json" methodName="Method 1" xsi:type="con:RestRequestStep" xmlns:xsi="http://www.w3.org/2001/XMLSchema-instance"><con:restRequest name="st_add" id="f0ba1d1c-313d-45de-9d7c-d07b4cd886ab" mediaType="application/json"><con:settings><con:setting id="com.eviware.soapui.impl.wsdl.WsdlRequest@request-headers">&lt;xml-fragment/></con:setting></con:settings><con:endpoint>https://api.data.gov</con:endpoint><con:request/><con:originalUri>https://api.data.gov/nrel/alt-fuel-stations/v1/62029.json</con:originalUri><con:assertion type="JsonPath RegEx Match" id="2a5c120b-440e-4110-9714-8e9ef5909a52" name="JsonPath RegEx Match"><con:configuration><path>$.alt_fuel_station.street_address</path><content>true</content><allowWildcards>false</allowWildcards><ignoreNamspaceDifferences>false</ignoreNamspaceDifferences><ignoreComments>false</ignoreComments><regEx>208(.*)</regEx></con:configuration></con:assertion><con:credentials><con:authType>No Authorization</con:authType></con:credentials><con:jmsConfig JMSDeliveryMode="PERSISTENT"/><con:jmsPropertyConfig/><con:parameters><entry key="api_key" value="PEJyWVljmx630URaaURNJIHzr9BuFgLLTAPksYQ6" xmlns="http://eviware.com/soapui/config"/></con:parameters><con:parameterOrder><con:entry>api_key</con:entry><con:entry/></con:parameterOrder></con:restRequest></con:config></con:testStep><con:properties/></con:testCase><con:properties/></con:testSuite><con:restMockService id="7f4652d2-c55c-4ff0-9a46-fb1e4e19238d" port="8080" path="/" host="LAPTOP-JTAHJAQK"><con:settings/><con:properties/></con:restMockService><con:properties/><con:wssContainer/><con:oAuth2ProfileContainer/></con:soapui-project>